project_name,sprint_id,sprint_number,team_capacity_hours,committed_points,completed_points,velocity_shortfall_ratio,velocity_variance,technical_debt_ratio,requirement_churn,defect_count,code_quality_index,delivery_risk_score
HADOOP,HADOOP-SPR-001,1,166.1,32.7,28.0,0.1441,0.3926,0.2539,0.3185,6,65.1,35.61
HADOOP,HADOOP-SPR-002,2,161.1,53.6,50.6,0.0563,0.0979,0.1386,0.1812,3,81.5,13.66
HADOOP,HADOOP-SPR-003,3,177.5,41.3,39.8,0.0366,0.1352,0.1666,0.0134,7,71.0,15.57
HADOOP,HADOOP-SPR-004,4,131.2,58.9,46.2,0.2163,0.0023,0.2432,0.2013,5,68.1,23.07
HADOOP,HADOOP-SPR-005,5,129.8,31.8,31.1,0.0216,0.3246,0.05,0.1224,2,91.5,16.56
HADOOP,HADOOP-SPR-006,6,175.2,47.3,42.2,0.1088,0.0844,0.174,0.1027,10,64.3,17.51
HADOOP,HADOOP-SPR-007,7,123.0,53.7,44.9,0.1643,0.0261,0.1533,0.2132,3,80.2,16.92
HADOOP,HADOOP-SPR-008,8,184.1,50.3,40.4,0.1958,0.1217,0.063,0.3116,4,86.3,17.81
HADOOP,HADOOP-SPR-009,9,133.8,41.9,38.0,0.0933,0.1759,0.35,0.2704,9,50.5,29.2
HADOOP,HADOOP-SPR-010,10,180.9,47.6,32.9,0.3098,0.2862,0.3074,0.3016,5,62.3,42.31
HADOOP,HADOOP-SPR-011,11,168.8,40.7,33.8,0.1679,0.2652,0.1634,0.2417,1,83.3,27.18
HADOOP,HADOOP-SPR-012,12,158.6,45.8,36.4,0.2057,0.2103,0.1587,0.1011,6,73.7,26.63
HADOOP,HADOOP-SPR-013,13,198.8,44.1,31.8,0.279,0.309,0.2548,0.1261,3,71.1,39.05
HADOOP,HADOOP-SPR-014,14,188.2,49.0,38.4,0.2152,0.1656,0.3752,0.1841,5,56.2,36.14
HADOOP,HADOOP-SPR-015,15,173.8,41.5,37.9,0.087,0.1767,0.294,0.0975,6,61.5,26.12
HADOOP,HADOOP-SPR-016,16,142.6,50.8,43.2,0.1504,0.0623,0.2122,0.0796,3,74.9,20.62
HADOOP,HADOOP-SPR-017,17,178.2,38.3,39.6,0.0,0.1391,0.0915,0.0034,5,81.8,10.14
HADOOP,HADOOP-SPR-018,18,171.6,50.8,46.8,0.0804,0.0152,0.2172,0.015,9,62.5,15.49
HADOOP,HADOOP-SPR-019,19,152.1,55.5,44.2,0.2035,0.0401,0.333,0.3523,7,56.0,28.43
HADOOP,HADOOP-SPR-020,20,133.1,44.5,37.2,0.1632,0.1916,0.2005,0.0798,8,66.0,25.85
HADOOP,HADOOP-SPR-021,21,153.2,52.3,48.5,0.0728,0.0521,0.2252,0.0289,3,73.7,16.99
HADOOP,HADOOP-SPR-022,22,148.1,52.4,52.9,0.0,0.148,0.1051,0.0895,5,80.5,11.18
HADOOP,HADOOP-SPR-023,23,145.1,52.5,54.9,0.0,0.1914,0.1931,0.0433,4,74.6,17.31
HADOOP,HADOOP-SPR-024,24,191.9,46.2,42.4,0.0809,0.0786,0.2283,0.0073,4,71.5,18.61
HADOOP,HADOOP-SPR-025,25,164.4,44.1,38.6,0.1249,0.1619,0.2025,0.041,8,65.8,22.84
HADOOP,HADOOP-SPR-026,26,142.7,45.2,35.9,0.2066,0.221,0.3801,0.388,12,41.8,38.18
HADOOP,HADOOP-SPR-027,27,149.8,42.8,37.7,0.1187,0.1816,0.1187,0.2042,4,81.3,19.13
HADOOP,HADOOP-SPR-028,28,128.2,50.0,36.7,0.2664,0.2037,0.1228,0.2349,4,81.0,27.61
HADOOP,HADOOP-SPR-029,29,186.2,59.4,64.5,0.0,0.4005,0.1992,0.1785,10,62.1,25.98
HADOOP,HADOOP-SPR-030,30,194.9,49.5,38.2,0.2288,0.1713,0.1229,0.3316,4,80.9,24.44
HADOOP,HADOOP-SPR-031,31,192.8,58.7,50.2,0.1439,0.0909,0.2275,0.0347,3,73.5,22.21
HADOOP,HADOOP-SPR-032,32,199.7,39.1,30.9,0.2107,0.3293,0.3886,0.2259,9,47.0,43.13
HADOOP,HADOOP-SPR-033,33,176.8,50.0,45.5,0.0895,0.0117,0.37,0.1479,7,52.7,23.44
HADOOP,HADOOP-SPR-034,34,191.4,38.7,26.1,0.3239,0.4323,0.5575,0.1018,8,33.8,61.36
HADOOP,HADOOP-SPR-035,35,190.7,39.8,28.2,0.2918,0.3872,0.3802,0.147,6,53.8,49.08
HADOOP,HADOOP-SPR-036,36,191.7,46.0,40.5,0.1187,0.1206,0.2766,0.1058,3,69.1,24.59
HADOOP,HADOOP-SPR-037,37,164.1,37.3,29.9,0.1972,0.3497,0.355,0.3088,4,60.1,41.59
HADOOP,HADOOP-SPR-038,38,140.1,59.9,46.0,0.2319,0.0014,0.2484,0.1023,10,57.6,24.07
HADOOP,HADOOP-SPR-039,39,123.1,57.0,41.0,0.2804,0.1087,0.5966,0.0857,11,30.0,48.2
HADOOP,HADOOP-SPR-040,40,160.2,33.3,27.7,0.166,0.3975,0.2992,0.1574,7,59.1,39.16
HADOOP,HADOOP-SPR-041,41,187.3,52.7,45.3,0.1409,0.0168,0.2909,0.0448,4,65.8,22.26
HADOOP,HADOOP-SPR-042,42,189.0,46.1,35.1,0.2376,0.2367,0.5434,0.1707,11,30.0,48.52
HADOOP,HADOOP-SPR-043,43,193.3,50.3,39.0,0.2253,0.1538,0.6,0.1186,12,30.0,47.42
HADOOP,HADOOP-SPR-044,44,157.5,37.3,29.2,0.2173,0.3668,0.4047,0.0888,3,57.6,45.77
HADOOP,HADOOP-SPR-045,45,149.1,42.1,34.6,0.1789,0.2485,0.1882,0.0817,4,75.1,28.29
CAMEL,CAMEL-SPR-001,1,133.5,75.1,58.5,0.2209,0.2205,0.1547,0.06,3,80.1,27.6
CAMEL,CAMEL-SPR-002,2,194.9,85.3,69.4,0.1861,0.0751,0.2604,0.1906,6,64.6,25.33
CAMEL,CAMEL-SPR-003,3,134.1,68.9,64.2,0.0688,0.1454,0.1031,0.2925,7,76.7,14.41
CAMEL,CAMEL-SPR-004,4,194.7,82.1,69.9,0.1487,0.0695,0.1478,0.1977,4,78.7,17.6
CAMEL,CAMEL-SPR-005,5,159.2,70.5,67.2,0.0474,0.1051,0.0614,0.0404,6,82.5,9.64
CAMEL,CAMEL-SPR-006,6,184.4,66.5,54.9,0.1747,0.2688,0.1925,0.0488,4,74.7,29.11
CAMEL,CAMEL-SPR-007,7,136.3,69.6,64.7,0.0706,0.1382,0.05,0.1264,2,91.5,11.56
CAMEL,CAMEL-SPR-008,8,199.6,73.0,52.5,0.2808,0.3003,0.3181,0.2391,8,55.4,41.95
CAMEL,CAMEL-SPR-009,9,192.4,67.5,59.2,0.1234,0.2117,0.2262,0.2713,7,65.6,25.95
CAMEL,CAMEL-SPR-010,10,146.1,61.2,49.2,0.196,0.3451,0.3008,0.2154,7,58.9,38.64
CAMEL,CAMEL-SPR-011,11,152.7,79.2,66.9,0.1555,0.1089,0.1662,0.121,4,77.0,20.44
CAMEL,CAMEL-SPR-012,12,179.1,71.1,52.4,0.2632,0.3022,0.4978,0.0892,11,33.2,50.14
CAMEL,CAMEL-SPR-013,13,135.4,77.5,64.0,0.1748,0.1479,0.0695,0.1526,3,87.7,18.13
CAMEL,CAMEL-SPR-014,14,163.7,86.8,67.7,0.2195,0.098,0.1274,0.0218,2,84.5,21.26
CAMEL,CAMEL-SPR-015,15,132.2,67.8,51.5,0.2398,0.3135,0.2181,0.067,10,60.4,35.43
CAMEL,CAMEL-SPR-016,16,182.6,76.4,69.2,0.0946,0.0786,0.2907,0.1482,9,55.8,22.41
CAMEL,CAMEL-SPR-017,17,145.5,83.3,61.4,0.2632,0.1825,0.3286,0.3289,8,54.4,36.89
CAMEL,CAMEL-SPR-018,18,124.0,66.8,60.3,0.0978,0.197,0.1902,0.1575,3,76.9,22.28
CAMEL,CAMEL-SPR-019,19,126.1,85.0,83.9,0.0132,0.1169,0.2964,0.0915,7,59.3,20.15
CAMEL,CAMEL-SPR-020,20,136.1,72.8,63.8,0.123,0.15,0.2269,0.1125,11,57.6,23.49
CAMEL,CAMEL-SPR-021,21,172.2,78.9,58.6,0.257,0.2192,0.1178,0.4,1,87.4,27.51
CAMEL,CAMEL-SPR-022,22,134.5,73.3,48.3,0.3405,0.3561,0.4755,0.047,9,39.2,55.05
CAMEL,CAMEL-SPR-023,23,138.5,73.6,39.2,0.4683,0.4785,0.4042,0.4,10,43.6,62.76
CAMEL,CAMEL-SPR-024,24,198.8,77.0,71.1,0.0766,0.0528,0.1732,0.2256,8,68.4,14.6
CAMEL,CAMEL-SPR-025,25,151.5,66.4,40.5,0.3906,0.4608,0.47,0.1993,10,37.7,61.46
CAMEL,CAMEL-SPR-026,26,196.8,74.9,40.8,0.4549,0.4563,0.3099,0.1927,1,70.1,56.49
CAMEL,CAMEL-SPR-027,27,168.7,77.2,62.8,0.1871,0.1639,0.2744,0.0682,3,69.3,29.63
CAMEL,CAMEL-SPR-028,28,162.9,91.6,63.1,0.3111,0.1593,0.177,0.152,7,70.1,30.78
CAMEL,CAMEL-SPR-029,29,177.5,90.2,58.9,0.3476,0.2158,0.5492,0.0437,11,30.0,53.47
CAMEL,CAMEL-SPR-030,30,123.0,78.5,75.4,0.0397,0.0037,0.3108,0.0734,9,54.0,17.67
CAMEL,CAMEL-SPR-031,31,162.2,80.7,81.1,0.0,0.0808,0.1987,0.2672,5,72.1,13.17
CAMEL,CAMEL-SPR-032,32,172.3,68.2,53.7,0.2116,0.2844,0.5028,0.1204,6,42.7,47.1
CAMEL,CAMEL-SPR-033,33,183.4,74.5,68.6,0.0794,0.0859,0.2128,0.2149,4,72.9,18.05
CAMEL,CAMEL-SPR-034,34,134.7,76.0,59.8,0.2138,0.2037,0.2099,0.0982,7,67.1,29.33
CAMEL,CAMEL-SPR-035,35,126.9,71.1,55.2,0.2238,0.2653,0.6,0.0542,12,30.0,51.8
CAMEL,CAMEL-SPR-036,36,191.7,72.5,47.4,0.3464,0.3688,0.6,0.1605,5,36.0,62.07
CAMEL,CAMEL-SPR-037,37,165.0,80.5,65.5,0.1865,0.1276,0.2587,0.0583,9,58.7,27.37
CAMEL,CAMEL-SPR-038,38,139.6,84.1,75.9,0.0973,0.0114,0.344,0.1311,10,49.0,22.52
CAMEL,CAMEL-SPR-039,39,185.1,65.3,56.8,0.1304,0.2439,0.2727,0.1758,5,65.5,29.91
CAMEL,CAMEL-SPR-040,40,157.0,77.7,59.6,0.2328,0.2063,0.1481,0.34,2,82.7,27.3
CAMEL,CAMEL-SPR-041,41,199.6,63.3,50.1,0.2083,0.3324,0.3693,0.0933,10,46.8,42.18
CAMEL,CAMEL-SPR-042,42,142.8,83.6,73.6,0.1199,0.0203,0.4612,0.1416,9,40.5,29.87
CAMEL,CAMEL-SPR-043,43,131.4,74.3,48.7,0.3449,0.3518,0.3592,0.1214,4,59.7,49.27
CAMEL,CAMEL-SPR-044,44,123.0,82.0,63.2,0.2289,0.1576,0.3233,0.1467,8,54.9,33.91
CAMEL,CAMEL-SPR-045,45,136.8,70.3,55.3,0.2126,0.263,0.3014,0.1512,7,58.9,36.22
LUCENE,LUCENE-SPR-001,1,193.6,38.4,36.4,0.0508,0.2738,0.1248,0.084,5,78.8,19.73
LUCENE,LUCENE-SPR-002,2,161.0,62.8,57.0,0.0926,0.1372,0.2732,0.1094,8,59.4,23.78
LUCENE,LUCENE-SPR-003,3,185.6,46.8,35.5,0.2414,0.2925,0.2133,0.2203,8,64.8,34.43
LUCENE,LUCENE-SPR-004,4,122.5,43.5,34.9,0.1972,0.303,0.296,0.0479,3,67.4,36.78
LUCENE,LUCENE-SPR-005,5,134.0,59.0,51.0,0.136,0.0171,0.1081,0.4,2,86.3,12.89
LUCENE,LUCENE-SPR-006,6,169.7,38.6,32.8,0.1506,0.3456,0.1297,0.2502,9,70.3,27.84
LUCENE,LUCENE-SPR-007,7,132.2,40.9,33.4,0.1834,0.3346,0.4446,0.0486,9,42.0,44.78
LUCENE,LUCENE-SPR-008,8,145.3,54.4,39.8,0.2673,0.2056,0.3731,0.0596,8,50.4,40.25
LUCENE,LUCENE-SPR-009,9,130.6,49.2,46.9,0.0454,0.064,0.305,0.0696,4,64.6,20.08
LUCENE,LUCENE-SPR-010,10,185.7,47.3,46.4,0.0187,0.0739,0.0806,0.0211,5,82.7,7.92
LUCENE,LUCENE-SPR-011,11,122.8,60.0,51.3,0.1451,0.023,0.2338,0.1575,6,67.0,19.86
LUCENE,LUCENE-SPR-012,12,164.7,52.4,37.2,0.2894,0.258,0.3507,0.4,8,52.4,42.33
LUCENE,LUCENE-SPR-013,13,196.2,46.4,34.7,0.2518,0.3079,0.3039,0.14,10,52.6,40.1
LUCENE,LUCENE-SPR-014,14,188.2,46.0,30.8,0.3311,0.3859,0.4822,0.0542,12,32.6,56.1
LUCENE,LUCENE-SPR-015,15,165.3,40.9,34.5,0.1557,0.3109,0.1954,0.2544,11,60.4,29.99
LUCENE,LUCENE-SPR-016,16,192.3,54.2,40.7,0.2493,0.189,0.2195,0.3481,9,62.2,31.0
LUCENE,LUCENE-SPR-017,17,159.7,48.1,41.2,0.1421,0.1773,0.1512,0.326,6,74.4,21.76
LUCENE,LUCENE-SPR-018,18,133.4,35.9,36.6,0.0,0.269,0.1734,0.2002,5,74.4,19.43
LUCENE,LUCENE-SPR-019,19,183.5,60.5,54.0,0.1081,0.0765,0.1345,0.1018,1,85.9,15.19
LUCENE,LUCENE-SPR-020,20,181.1,49.0,48.5,0.0089,0.0316,0.2723,0.0565,6,63.5,15.32
LUCENE,LUCENE-SPR-021,21,129.8,48.7,34.1,0.3006,0.3208,0.4525,0.0976,10,39.3,50.49
LUCENE,LUCENE-SPR-022,22,196.0,29.1,26.2,0.0997,0.4765,0.2581,0.2078,9,58.8,36.95
LUCENE,LUCENE-SPR-023,23,160.0,47.2,42.5,0.0981,0.1513,0.3517,0.0947,7,54.3,28.54
LUCENE,LUCENE-SPR-024,24,182.6,35.9,24.6,0.3154,0.5091,0.3574,0.4,5,57.8,54.01
LUCENE,LUCENE-SPR-025,25,194.1,60.7,48.3,0.2055,0.0375,0.1915,0.1852,7,68.8,21.35
LUCENE,LUCENE-SPR-026,26,157.7,48.7,32.4,0.3343,0.3537,0.4244,0.2382,8,45.8,52.08
LUCENE,LUCENE-SPR-027,27,123.0,40.8,32.5,0.2044,0.3519,0.1677,0.1922,4,76.9,32.69
LUCENE,LUCENE-SPR-028,28,151.5,39.3,30.8,0.2144,0.3849,0.1085,0.0116,4,82.2,31.54
LUCENE,LUCENE-SPR-029,29,152.2,50.2,41.0,0.1833,0.1829,0.2283,0.1003,6,67.4,27.9
LUCENE,LUCENE-SPR-030,30,137.8,43.5,44.5,0.0,0.1116,0.2383,0.1172,5,68.6,16.38
LUCENE,LUCENE-SPR-031,31,136.4,46.4,43.1,0.0713,0.1397,0.1722,0.2094,5,74.5,17.76
LUCENE,LUCENE-SPR-032,32,173.9,56.7,51.8,0.086,0.0333,0.2165,0.0525,3,74.5,16.46
LUCENE,LUCENE-SPR-033,33,196.3,61.1,44.9,0.2643,0.1036,0.2215,0.1802,7,66.1,28.43
LUCENE,LUCENE-SPR-034,34,160.1,62.9,44.1,0.2995,0.1212,0.5046,0.3192,17,30.0,45.05
LUCENE,LUCENE-SPR-035,35,198.8,46.6,46.3,0.0068,0.077,0.2506,0.1199,3,71.4,15.95
LUCENE,LUCENE-SPR-036,36,124.7,47.0,41.4,0.1207,0.1749,0.378,0.0263,10,46.0,31.93
LUCENE,LUCENE-SPR-037,37,175.4,46.8,36.8,0.2137,0.2653,0.3647,0.1163,8,51.2,39.53
LUCENE,LUCENE-SPR-038,38,183.5,45.2,38.2,0.156,0.2383,0.3884,0.3504,10,45.0,36.75
LUCENE,LUCENE-SPR-039,39,127.3,53.9,40.5,0.2489,0.1922,0.2296,0.0558,6,67.3,31.61
LUCENE,LUCENE-SPR-040,40,168.0,42.3,45.6,0.0,0.0911,0.1991,0.0212,8,66.1,13.6
LUCENE,LUCENE-SPR-041,41,171.8,56.5,47.4,0.1604,0.0537,0.1376,0.3098,1,85.6,17.05
LUCENE,LUCENE-SPR-042,42,181.9,54.5,38.8,0.2867,0.2252,0.2871,0.2229,2,70.2,37.7
LUCENE,LUCENE-SPR-043,43,150.1,50.7,39.3,0.2246,0.2158,0.2912,0.167,5,63.8,34.42
LUCENE,LUCENE-SPR-044,44,150.9,57.4,52.3,0.0891,0.0425,0.3229,0.146,10,50.9,22.3
LUCENE,LUCENE-SPR-045,45,172.3,59.0,53.0,0.1028,0.0562,0.3288,0.196,8,54.4,23.82
SPARK,SPARK-SPR-001,1,165.7,71.2,66.6,0.0649,0.0629,0.1523,0.2156,5,76.3,13.38
SPARK,SPARK-SPR-002,2,133.2,78.9,73.7,0.0653,0.038,0.159,0.0597,9,67.7,12.73
SPARK,SPARK-SPR-003,3,190.2,72.7,54.2,0.2548,0.2376,0.4232,0.1781,8,45.9,43.4
SPARK,SPARK-SPR-004,4,128.6,97.6,77.3,0.2074,0.0887,0.2827,0.3136,5,64.6,28.06
SPARK,SPARK-SPR-005,5,169.5,75.1,55.7,0.2586,0.216,0.139,0.2345,2,83.5,28.52
SPARK,SPARK-SPR-006,6,122.8,73.4,60.7,0.1725,0.145,0.3842,0.0957,9,47.4,33.64
SPARK,SPARK-SPR-007,7,168.2,74.7,52.2,0.3013,0.265,0.2701,0.1531,7,61.7,39.17
SPARK,SPARK-SPR-008,8,127.3,64.3,52.1,0.1899,0.2671,0.1221,0.4,1,87.0,26.29
SPARK,SPARK-SPR-009,9,194.0,71.3,66.6,0.0654,0.0623,0.2287,0.066,6,67.4,17.2
SPARK,SPARK-SPR-010,10,178.5,80.4,59.5,0.26,0.1626,0.2721,0.2537,6,63.5,33.11
SPARK,SPARK-SPR-011,11,131.0,63.2,52.4,0.1695,0.2616,0.1451,0.2754,3,80.9,26.19
SPARK,SPARK-SPR-012,12,120.1,73.7,65.5,0.1123,0.0786,0.137,0.1915,2,83.7,15.6
SPARK,SPARK-SPR-013,13,195.1,69.0,61.0,0.1159,0.1411,0.1941,0.2302,4,74.5,21.14
SPARK,SPARK-SPR-014,14,134.4,70.0,63.1,0.0985,0.1111,0.1431,0.3115,8,71.1,16.52
SPARK,SPARK-SPR-015,15,149.8,59.8,39.7,0.3356,0.4411,0.2225,0.2052,3,74.0,45.55
SPARK,SPARK-SPR-016,16,152.4,66.9,63.7,0.0485,0.1038,0.1628,0.1651,2,81.3,14.72
SPARK,SPARK-SPR-017,17,180.1,69.8,47.4,0.3212,0.3334,0.4355,0.074,8,44.8,51.17
SPARK,SPARK-SPR-018,18,133.5,73.9,58.7,0.2051,0.1736,0.2585,0.1119,6,64.7,30.12
SPARK,SPARK-SPR-019,19,160.6,64.4,47.5,0.2627,0.3312,0.4267,0.1989,9,43.6,47.71
SPARK,SPARK-SPR-020,20,126.4,62.2,47.0,0.2442,0.3387,0.1545,0.2976,6,74.1,33.48
SPARK,SPARK-SPR-021,21,157.3,73.2,76.6,0.0,0.079,0.1245,0.0587,4,80.8,9.38
SPARK,SPARK-SPR-022,22,177.4,72.4,57.4,0.2072,0.1915,0.2282,0.4,8,63.5,29.43
SPARK,SPARK-SPR-023,23,135.2,81.5,81.1,0.005,0.1414,0.136,0.0499,7,73.8,12.71
SPARK,SPARK-SPR-024,24,163.3,56.8,48.4,0.1493,0.3193,0.0868,0.2802,1,90.2,24.58
SPARK,SPARK-SPR-025,25,132.9,65.5,50.4,0.2306,0.291,0.1709,0.3469,2,80.6,31.71
SPARK,SPARK-SPR-026,26,180.5,76.2,58.2,0.2368,0.1812,0.2341,0.3719,3,72.9,30.79
SPARK,SPARK-SPR-027,27,167.6,70.7,56.1,0.2062,0.2101,0.3166,0.4,6,59.5,34.54
SPARK,SPARK-SPR-028,28,198.8,81.5,68.2,0.1626,0.0392,0.1627,0.2986,9,67.4,17.84
SPARK,SPARK-SPR-029,29,173.9,70.4,55.7,0.2083,0.2157,0.3534,0.1092,10,48.2,36.72
SPARK,SPARK-SPR-030,30,131.1,74.3,59.0,0.2057,0.1688,0.1985,0.1837,3,76.1,26.96
SPARK,SPARK-SPR-031,31,167.2,80.5,65.2,0.191,0.0827,0.1903,0.1291,1,80.9,22.37
SPARK,SPARK-SPR-032,32,120.8,69.4,45.2,0.3485,0.3636,0.4626,0.2897,8,42.4,55.09
SPARK,SPARK-SPR-033,33,142.3,74.9,73.8,0.0143,0.0388,0.1289,0.1607,8,72.4,8.71
SPARK,SPARK-SPR-034,34,171.5,62.6,52.2,0.165,0.2646,0.3183,0.1001,5,61.4,34.75
SPARK,SPARK-SPR-035,35,162.3,63.8,52.6,0.1754,0.2592,0.1226,0.377,5,79.0,25.27
SPARK,SPARK-SPR-036,36,168.8,63.8,55.7,0.1274,0.2166,0.2702,0.1729,10,55.7,28.54
SPARK,SPARK-SPR-037,37,149.0,74.9,57.4,0.2332,0.1918,0.3155,0.06,6,59.6,35.11
SPARK,SPARK-SPR-038,38,168.7,66.9,48.7,0.2725,0.3144,0.3012,0.1503,7,58.9,41.26
SPARK,SPARK-SPR-039,39,156.2,68.2,58.8,0.1374,0.1716,0.3775,0.1068,6,54.0,32.61
SPARK,SPARK-SPR-040,40,135.9,68.9,67.6,0.0196,0.0489,0.2796,0.1392,9,56.8,16.92
SPARK,SPARK-SPR-041,41,148.1,71.9,59.1,0.1777,0.1683,0.3398,0.1252,9,51.4,32.61
SPARK,SPARK-SPR-042,42,132.2,85.4,61.3,0.2831,0.1377,0.4368,0.0784,5,50.7,41.5
SPARK,SPARK-SPR-043,43,147.2,80.5,73.9,0.082,0.0402,0.3337,0.1362,8,54.0,22.39
SPARK,SPARK-SPR-044,44,192.3,63.4,40.4,0.3629,0.4313,0.5192,0.041,14,30.0,61.35
SPARK,SPARK-SPR-045,45,164.5,66.2,55.0,0.1692,0.2263,0.3818,0.0168,8,49.6,36.61
KAFKA,KAFKA-SPR-001,1,133.4,45.0,37.1,0.175,0.0418,0.2916,0.0976,8,57.8,25.01
KAFKA,KAFKA-SPR-002,2,122.3,55.0,48.9,0.1104,0.2623,0.1118,0.0215,6,77.9,21.6
KAFKA,KAFKA-SPR-003,3,193.6,27.8,23.4,0.1579,0.3963,0.1858,0.0886,8,67.3,33.04
KAFKA,KAFKA-SPR-004,4,159.8,46.6,47.2,0.0,0.2167,0.203,0.1013,3,75.7,18.82
KAFKA,KAFKA-SPR-005,5,124.4,37.2,31.8,0.1452,0.1793,0.0631,0.1147,2,90.3,17.59
KAFKA,KAFKA-SPR-006,6,169.3,40.5,30.1,0.2556,0.2226,0.2807,0.1321,6,62.7,35.72
KAFKA,KAFKA-SPR-007,7,122.8,25.5,19.1,0.2499,0.5062,0.4111,0.0655,5,53.0,53.3
KAFKA,KAFKA-SPR-008,8,124.7,40.2,33.4,0.1695,0.1392,0.2894,0.2124,12,50.0,28.51
KAFKA,KAFKA-SPR-009,9,145.4,41.1,38.2,0.0688,0.0131,0.05,0.2399,2,91.5,6.46
KAFKA,KAFKA-SPR-010,10,126.5,31.7,32.6,0.0,0.1598,0.1104,0.1011,6,78.1,11.92
KAFKA,KAFKA-SPR-011,11,160.8,31.4,32.7,0.0,0.1551,0.2183,0.1283,3,74.4,17.12
KAFKA,KAFKA-SPR-012,12,144.9,38.0,36.1,0.0508,0.0698,0.1557,0.1884,4,78.0,13.11
KAFKA,KAFKA-SPR-013,13,158.6,50.7,47.4,0.0653,0.2234,0.1654,0.07,7,71.1,20.47
KAFKA,KAFKA-SPR-014,14,136.8,37.5,31.6,0.1581,0.1855,0.4079,0.1158,12,39.3,35.72
KAFKA,KAFKA-SPR-015,15,142.6,44.1,40.0,0.0915,0.0332,0.315,0.1026,9,53.7,21.65
KAFKA,KAFKA-SPR-016,16,191.8,36.0,35.1,0.024,0.0945,0.1351,0.3123,0,87.8,11.74
KAFKA,KAFKA-SPR-017,17,198.4,47.4,32.5,0.3139,0.1613,0.5284,0.1323,5,42.4,48.57
KAFKA,KAFKA-SPR-018,18,146.8,26.6,18.7,0.2949,0.5168,0.5382,0.088,9,33.6,62.33
KAFKA,KAFKA-SPR-019,19,174.1,43.3,39.5,0.0898,0.0181,0.2691,0.0569,7,61.8,18.67
KAFKA,KAFKA-SPR-020,20,152.1,53.1,49.4,0.0701,0.2745,0.2352,0.0151,6,66.8,26.25
KAFKA,KAFKA-SPR-021,21,128.9,32.8,24.1,0.2655,0.3787,0.5485,0.0766,6,38.6,55.85
KAFKA,KAFKA-SPR-022,22,147.6,26.8,21.2,0.21,0.4531,0.3526,0.0543,6,56.3,46.25
KAFKA,KAFKA-SPR-023,23,121.1,31.2,24.0,0.2309,0.3812,0.1804,0.2425,3,77.8,35.81
KAFKA,KAFKA-SPR-024,24,177.8,48.4,43.7,0.0959,0.1284,0.1672,0.081,5,74.9,18.29
KAFKA,KAFKA-SPR-025,25,132.4,39.1,34.1,0.1285,0.1197,0.1085,0.2317,4,82.2,16.64
KAFKA,KAFKA-SPR-026,26,123.2,30.1,26.4,0.1224,0.3182,0.2295,0.1051,5,69.3,30.32
KAFKA,KAFKA-SPR-027,27,179.1,35.0,34.6,0.0115,0.1067,0.1149,0.0496,4,81.7,10.59
KAFKA,KAFKA-SPR-028,28,179.0,36.6,36.1,0.0124,0.0684,0.2511,0.058,7,63.4,15.91
KAFKA,KAFKA-SPR-029,29,194.5,46.4,38.0,0.1817,0.0196,0.2803,0.0652,8,58.8,23.88
KAFKA,KAFKA-SPR-030,30,129.1,45.4,34.0,0.2496,0.1215,0.3798,0.1652,4,57.8,36.33
KAFKA,KAFKA-SPR-031,31,128.0,45.0,33.7,0.2525,0.131,0.4606,0.0764,4,50.5,40.89
KAFKA,KAFKA-SPR-032,32,175.0,23.1,16.0,0.3059,0.5865,0.3931,0.3194,5,54.6,58.41
KAFKA,KAFKA-SPR-033,33,122.3,34.9,26.8,0.232,0.308,0.1924,0.383,5,72.7,33.54
KAFKA,KAFKA-SPR-034,34,149.1,38.2,35.9,0.0609,0.0749,0.1725,0.0869,3,78.5,14.67
KAFKA,KAFKA-SPR-035,35,122.2,49.1,43.0,0.1251,0.1091,0.3219,0.1717,9,53.0,26.72
KAFKA,KAFKA-SPR-036,36,181.0,49.7,39.9,0.1963,0.03,0.1644,0.0729,3,79.2,19.23
KAFKA,KAFKA-SPR-037,37,173.3,45.5,33.0,0.2751,0.1485,0.2597,0.1907,8,60.6,32.67
KAFKA,KAFKA-SPR-038,38,179.4,44.7,40.1,0.104,0.034,0.2297,0.1553,7,65.3,18.04
KAFKA,KAFKA-SPR-039,39,163.8,37.6,35.1,0.0653,0.0938,0.1758,0.1173,9,66.2,15.81
KAFKA,KAFKA-SPR-040,40,186.9,36.8,31.0,0.1576,0.2009,0.2433,0.1413,7,64.1,28.08
KAFKA,KAFKA-SPR-041,41,158.4,24.3,15.9,0.3451,0.5887,0.2924,0.166,4,65.7,55.42
KAFKA,KAFKA-SPR-042,42,146.5,43.0,37.6,0.1264,0.0306,0.4604,0.1258,9,40.6,30.56
KAFKA,KAFKA-SPR-043,43,123.6,42.2,36.2,0.1441,0.0669,0.1668,0.0947,7,71.0,18.22
KAFKA,KAFKA-SPR-044,44,122.3,45.8,35.2,0.2319,0.0915,0.3262,0.1511,5,60.6,31.57
KAFKA,KAFKA-SPR-045,45,152.4,42.6,35.9,0.1558,0.073,0.4142,0.0243,11,40.7,31.42
FLINK,FLINK-SPR-001,1,197.4,47.2,41.8,0.1139,0.0537,0.2058,0.2407,8,65.5,18.13
FLINK,FLINK-SPR-002,2,186.8,37.5,35.8,0.043,0.1885,0.2425,0.1467,6,66.2,21.82
FLINK,FLINK-SPR-003,3,120.2,41.8,35.2,0.1581,0.2029,0.1747,0.1885,9,66.3,24.76
FLINK,FLINK-SPR-004,4,124.7,56.3,52.5,0.067,0.1895,0.1788,0.3124,2,79.9,19.87
FLINK,FLINK-SPR-005,5,196.0,48.8,35.5,0.273,0.1962,0.3327,0.3095,5,60.1,38.13
FLINK,FLINK-SPR-006,6,129.9,54.2,38.2,0.2951,0.1343,0.3782,0.1586,4,58.0,39.04
FLINK,FLINK-SPR-007,7,142.1,44.9,49.6,0.0,0.1226,0.1416,0.1414,5,77.3,11.98
FLINK,FLINK-SPR-008,8,194.1,40.8,33.2,0.186,0.248,0.05,0.0176,5,85.5,21.72
FLINK,FLINK-SPR-009,9,121.3,45.8,43.0,0.0609,0.0263,0.1859,0.1424,3,77.3,13.39
FLINK,FLINK-SPR-010,10,139.4,45.3,33.4,0.262,0.2438,0.3405,0.1001,4,61.4,39.87
FLINK,FLINK-SPR-011,11,152.2,52.7,42.3,0.1979,0.0433,0.3301,0.2479,6,58.3,28.13
FLINK,FLINK-SPR-012,12,141.4,33.2,32.5,0.0204,0.264,0.1506,0.0184,5,76.4,19.11
FLINK,FLINK-SPR-013,13,195.9,48.5,49.2,0.0,0.1143,0.3281,0.0589,5,60.5,20.98
FLINK,FLINK-SPR-014,14,179.4,56.1,39.0,0.3039,0.1162,0.0945,0.1877,7,77.5,24.57
FLINK,FLINK-SPR-015,15,156.5,47.9,34.1,0.2881,0.2283,0.226,0.2231,5,69.7,34.84
FLINK,FLINK-SPR-016,16,190.5,42.8,33.9,0.2097,0.2333,0.371,0.0771,8,50.6,38.36
FLINK,FLINK-SPR-017,17,173.6,50.0,34.9,0.3009,0.2087,0.394,0.1567,11,42.5,43.09
FLINK,FLINK-SPR-018,18,188.7,43.8,35.0,0.2021,0.208,0.1665,0.2584,4,77.0,26.75
FLINK,FLINK-SPR-019,19,135.5,63.5,43.5,0.3151,0.015,0.4953,0.117,13,30.0,41.12
FLINK,FLINK-SPR-020,20,179.3,43.9,30.8,0.2984,0.3033,0.4432,0.2992,9,42.1,49.21
FLINK,FLINK-SPR-021,21,192.7,61.4,57.5,0.0625,0.3029,0.1744,0.0629,3,78.3,23.97
FLINK,FLINK-SPR-022,22,144.6,36.2,31.6,0.1261,0.2836,0.1437,0.148,4,79.1,24.84
FLINK,FLINK-SPR-023,23,199.6,39.9,25.9,0.3513,0.4141,0.6,0.2323,6,34.0,64.13
FLINK,FLINK-SPR-024,24,157.1,52.6,48.1,0.0849,0.0898,0.1419,0.2101,4,79.2,14.93
FLINK,FLINK-SPR-025,25,198.5,50.0,44.5,0.1095,0.0073,0.1893,0.1414,3,77.0,15.23
FLINK,FLINK-SPR-026,26,174.0,45.4,40.0,0.1191,0.0942,0.2146,0.0974,8,64.7,20.45
FLINK,FLINK-SPR-027,27,157.3,42.2,39.7,0.0582,0.1004,0.2778,0.2394,9,57.0,20.81
FLINK,FLINK-SPR-028,28,180.1,49.2,35.2,0.2833,0.2021,0.3962,0.1367,7,50.3,42.05
FLINK,FLINK-SPR-029,29,149.1,47.7,40.4,0.1531,0.0853,0.4443,0.0898,10,40.0,33.28
FLINK,FLINK-SPR-030,30,187.9,45.3,38.7,0.146,0.1245,0.3811,0.3149,8,49.7,31.33
FLINK,FLINK-SPR-031,31,149.5,42.8,27.6,0.354,0.3746,0.3144,0.1312,6,59.7,48.4
FLINK,FLINK-SPR-032,32,153.7,38.9,27.5,0.2934,0.3779,0.4505,0.1005,11,37.5,52.31
FLINK,FLINK-SPR-033,33,155.1,47.3,33.5,0.293,0.242,0.489,0.2509,7,42.0,48.78
FLINK,FLINK-SPR-034,34,174.1,37.1,22.6,0.3899,0.4874,0.4136,0.211,8,46.8,59.67
FLINK,FLINK-SPR-035,35,181.3,38.1,30.2,0.2076,0.316,0.1931,0.123,3,76.6,32.67
FLINK,FLINK-SPR-036,36,132.1,43.2,33.9,0.216,0.2326,0.2816,0.1548,3,68.7,34.19
FLINK,FLINK-SPR-037,37,196.0,35.9,31.1,0.1327,0.2959,0.4304,0.212,9,43.3,39.99
FLINK,FLINK-SPR-038,38,133.8,69.9,65.2,0.0676,0.4755,0.1952,0.1194,6,70.4,32.16
FLINK,FLINK-SPR-039,39,189.9,40.2,30.2,0.25,0.317,0.2346,0.267,6,66.9,36.91
FLINK,FLINK-SPR-040,40,174.6,47.0,47.7,0.0,0.079,0.2999,0.1276,7,59.0,18.16
FLINK,FLINK-SPR-041,41,155.7,55.3,47.5,0.1407,0.0765,0.2771,0.1322,8,59.1,23.95
FLINK,FLINK-SPR-042,42,169.0,37.1,32.5,0.1243,0.2647,0.1995,0.0167,3,76.0,26.78
FLINK,FLINK-SPR-043,43,170.5,38.4,39.4,0.0,0.1087,0.1867,0.0554,3,77.2,13.68
FLINK,FLINK-SPR-044,44,199.0,45.1,32.9,0.2692,0.2543,0.4124,0.1744,5,52.9,44.25
FLINK,FLINK-SPR-045,45,179.0,37.2,30.3,0.1867,0.315,0.3098,0.1169,8,56.1,37.42
ZOOKEEPER,ZOOKEEPER-SPR-001,1,173.3,74.4,70.4,0.0539,0.0969,0.1188,0.1411,5,79.3,12.51
ZOOKEEPER,ZOOKEEPER-SPR-002,2,163.0,57.2,45.5,0.2049,0.2916,0.3128,0.2015,6,59.9,37.55
ZOOKEEPER,ZOOKEEPER-SPR-003,3,165.6,81.1,81.2,0.0,0.2651,0.162,0.1072,6,73.4,18.7
ZOOKEEPER,ZOOKEEPER-SPR-004,4,178.3,62.6,57.7,0.0786,0.1015,0.05,0.09,6,83.5,10.49
ZOOKEEPER,ZOOKEEPER-SPR-005,5,151.4,71.4,60.7,0.1498,0.054,0.0885,0.301,4,84.0,14.08
ZOOKEEPER,ZOOKEEPER-SPR-006,6,145.0,76.4,61.7,0.1924,0.0389,0.3609,0.147,9,49.5,29.22
ZOOKEEPER,ZOOKEEPER-SPR-007,7,197.8,62.0,62.0,0.0,0.0344,0.159,0.04,6,73.7,9.33
ZOOKEEPER,ZOOKEEPER-SPR-008,8,160.9,54.2,55.2,0.0,0.14,0.2332,0.0936,6,67.0,17.26
ZOOKEEPER,ZOOKEEPER-SPR-009,9,157.1,61.3,47.1,0.2323,0.2662,0.2333,0.0241,3,73.0,33.93
ZOOKEEPER,ZOOKEEPER-SPR-010,10,187.2,68.7,59.6,0.1327,0.0719,0.1124,0.0655,4,81.9,15.13
ZOOKEEPER,ZOOKEEPER-SPR-011,11,120.3,49.8,43.9,0.1188,0.3164,0.0711,0.1468,6,81.6,22.15
ZOOKEEPER,ZOOKEEPER-SPR-012,12,175.1,69.0,63.9,0.0736,0.0044,0.3408,0.3346,6,57.3,20.9
ZOOKEEPER,ZOOKEEPER-SPR-013,13,179.8,69.2,65.2,0.0588,0.0156,0.0801,0.1136,3,86.8,7.56
ZOOKEEPER,ZOOKEEPER-SPR-014,14,188.7,60.5,51.9,0.1415,0.191,0.2051,0.2559,7,67.5,24.97
ZOOKEEPER,ZOOKEEPER-SPR-015,15,123.9,65.7,56.4,0.1402,0.1204,0.22,0.2172,6,68.2,22.83
ZOOKEEPER,ZOOKEEPER-SPR-016,16,136.3,53.1,49.8,0.063,0.224,0.2253,0.064,4,71.7,23.37
ZOOKEEPER,ZOOKEEPER-SPR-017,17,187.8,72.2,71.1,0.0149,0.1084,0.1119,0.0831,5,79.9,10.68
ZOOKEEPER,ZOOKEEPER-SPR-018,18,172.9,64.2,47.3,0.2631,0.2628,0.2169,0.0977,4,72.5,34.51
ZOOKEEPER,ZOOKEEPER-SPR-019,19,140.7,55.7,46.3,0.1691,0.2785,0.2315,0.0542,9,61.2,31.17
ZOOKEEPER,ZOOKEEPER-SPR-020,20,142.0,63.0,51.6,0.1803,0.1953,0.1591,0.0718,4,77.7,24.78
ZOOKEEPER,ZOOKEEPER-SPR-021,21,167.8,70.2,61.1,0.1293,0.0479,0.2232,0.0941,5,69.9,19.54
ZOOKEEPER,ZOOKEEPER-SPR-022,22,168.4,67.9,51.3,0.2445,0.201,0.2827,0.1437,10,54.6,34.4
ZOOKEEPER,ZOOKEEPER-SPR-023,23,120.5,72.4,67.8,0.0632,0.0563,0.1819,0.0918,5,73.6,14.51
ZOOKEEPER,ZOOKEEPER-SPR-024,24,136.2,74.2,61.1,0.1772,0.0486,0.2645,0.1657,2,72.2,24.03
ZOOKEEPER,ZOOKEEPER-SPR-025,25,173.3,56.1,46.7,0.1677,0.2726,0.1011,0.1847,3,84.9,24.34
ZOOKEEPER,ZOOKEEPER-SPR-026,26,187.9,64.2,56.5,0.1207,0.1201,0.1827,0.2399,7,69.6,19.98
ZOOKEEPER,ZOOKEEPER-SPR-027,27,129.3,72.9,59.1,0.1902,0.0794,0.2253,0.2102,3,73.7,23.95
ZOOKEEPER,ZOOKEEPER-SPR-028,28,173.5,61.0,38.6,0.3672,0.3988,0.4905,0.2164,7,41.9,58.84
ZOOKEEPER,ZOOKEEPER-SPR-029,29,195.7,52.8,39.7,0.2476,0.3812,0.2675,0.2071,5,65.9,41.0
ZOOKEEPER,ZOOKEEPER-SPR-030,30,195.9,61.3,49.9,0.1866,0.223,0.2785,0.21,14,46.9,32.18
ZOOKEEPER,ZOOKEEPER-SPR-031,31,170.8,61.4,48.4,0.2112,0.2453,0.3199,0.2233,10,51.2,36.36
ZOOKEEPER,ZOOKEEPER-SPR-032,32,168.6,60.9,52.7,0.135,0.1795,0.3283,0.1777,8,54.5,30.34
ZOOKEEPER,ZOOKEEPER-SPR-033,33,158.5,62.5,54.2,0.1337,0.1558,0.3077,0.1203,7,58.3,28.3
ZOOKEEPER,ZOOKEEPER-SPR-034,34,153.1,81.6,84.0,0.0,0.309,0.1802,0.0649,4,75.8,21.37
ZOOKEEPER,ZOOKEEPER-SPR-035,35,187.0,55.4,46.0,0.1688,0.283,0.2096,0.1401,5,71.1,30.24
ZOOKEEPER,ZOOKEEPER-SPR-036,36,120.3,61.4,40.0,0.3481,0.3762,0.2379,0.1435,9,60.6,44.35
ZOOKEEPER,ZOOKEEPER-SPR-037,37,138.4,65.8,48.1,0.2688,0.2498,0.3063,0.2194,10,52.4,38.75
ZOOKEEPER,ZOOKEEPER-SPR-038,38,137.9,51.7,38.8,0.2489,0.3954,0.3516,0.1771,10,48.4,45.84
ZOOKEEPER,ZOOKEEPER-SPR-039,39,142.2,82.9,49.5,0.4036,0.2293,0.6,0.0717,8,30.0,59.35
ZOOKEEPER,ZOOKEEPER-SPR-040,40,190.9,56.7,40.8,0.2811,0.3647,0.3295,0.2985,3,64.3,45.12
ZOOKEEPER,ZOOKEEPER-SPR-041,41,195.3,65.7,59.3,0.0973,0.0762,0.1677,0.2202,6,72.9,16.3
ZOOKEEPER,ZOOKEEPER-SPR-042,42,147.6,63.6,40.9,0.357,0.3631,0.1764,0.4,3,78.1,41.19
ZOOKEEPER,ZOOKEEPER-SPR-043,43,141.2,62.4,45.5,0.2713,0.2916,0.4491,0.2921,9,41.6,47.68
ZOOKEEPER,ZOOKEEPER-SPR-044,44,164.7,61.8,49.9,0.1933,0.2226,0.3221,0.0421,9,53.0,34.67
ZOOKEEPER,ZOOKEEPER-SPR-045,45,170.7,66.9,45.8,0.3143,0.2856,0.2536,0.0335,7,63.2,39.82
AIRFLOW,AIRFLOW-SPR-001,1,139.1,39.9,31.1,0.2194,0.2774,0.1921,0.0847,6,70.7,31.67
AIRFLOW,AIRFLOW-SPR-002,2,175.1,51.0,37.5,0.2658,0.1307,0.1857,0.2902,3,77.3,27.81
AIRFLOW,AIRFLOW-SPR-003,3,182.4,42.1,37.8,0.1012,0.1227,0.2013,0.0986,2,77.9,20.03
AIRFLOW,AIRFLOW-SPR-004,4,197.9,48.0,45.8,0.0465,0.0619,0.2084,0.0034,8,65.2,15.22
AIRFLOW,AIRFLOW-SPR-005,5,173.3,46.5,40.5,0.1285,0.0602,0.1603,0.1048,7,71.6,16.85
AIRFLOW,AIRFLOW-SPR-006,6,166.4,36.2,31.2,0.1378,0.275,0.0739,0.0999,4,85.4,21.58
AIRFLOW,AIRFLOW-SPR-007,7,143.4,54.3,49.5,0.0891,0.1489,0.0925,0.1236,5,81.7,15.03
AIRFLOW,AIRFLOW-SPR-008,8,160.9,38.3,32.9,0.1417,0.2365,0.1234,0.3475,6,76.9,22.72
AIRFLOW,AIRFLOW-SPR-009,9,170.5,39.1,35.3,0.0967,0.1796,0.2024,0.1433,8,65.8,22.14
AIRFLOW,AIRFLOW-SPR-010,10,142.1,41.6,31.7,0.2392,0.2649,0.324,0.2375,8,54.8,38.76
AIRFLOW,AIRFLOW-SPR-011,11,190.3,35.7,33.7,0.058,0.2188,0.2401,0.1483,4,70.4,23.66
AIRFLOW,AIRFLOW-SPR-012,12,179.3,40.4,32.4,0.1987,0.2489,0.1976,0.1912,5,72.2,29.77
AIRFLOW,AIRFLOW-SPR-013,13,141.4,44.8,42.4,0.055,0.0168,0.1044,0.0839,7,76.6,8.64
AIRFLOW,AIRFLOW-SPR-014,14,165.3,41.3,32.4,0.2164,0.2488,0.2107,0.1004,2,77.0,31.31
AIRFLOW,AIRFLOW-SPR-015,15,166.2,46.1,44.4,0.0374,0.0305,0.1518,0.0332,3,80.3,10.68
AIRFLOW,AIRFLOW-SPR-016,16,178.1,38.0,32.7,0.1386,0.2404,0.4965,0.1839,4,47.3,41.37
AIRFLOW,AIRFLOW-SPR-017,17,192.5,47.6,35.1,0.2637,0.1859,0.2301,0.2489,6,67.3,32.13
AIRFLOW,AIRFLOW-SPR-018,18,152.3,40.8,38.5,0.0557,0.106,0.2045,0.2206,3,75.6,17.25
AIRFLOW,AIRFLOW-SPR-019,19,192.2,44.8,41.8,0.0674,0.0294,0.1794,0.0807,4,75.9,13.52
AIRFLOW,AIRFLOW-SPR-020,20,159.6,58.7,56.5,0.0385,0.311,0.0794,0.054,2,88.9,18.34
AIRFLOW,AIRFLOW-SPR-021,21,129.2,40.3,32.9,0.184,0.2365,0.3741,0.0676,8,50.3,37.36
AIRFLOW,AIRFLOW-SPR-022,22,193.0,39.7,33.4,0.1578,0.2248,0.2963,0.0434,9,55.3,31.7
AIRFLOW,AIRFLOW-SPR-023,23,183.1,48.9,39.4,0.1943,0.0861,0.1282,0.0563,3,82.5,19.57
AIRFLOW,AIRFLOW-SPR-024,24,197.0,39.8,35.8,0.1006,0.1689,0.1526,0.1197,1,84.3,19.41
AIRFLOW,AIRFLOW-SPR-025,25,130.7,51.0,30.1,0.4096,0.3015,0.4267,0.4,7,47.6,53.87
AIRFLOW,AIRFLOW-SPR-026,26,157.1,43.2,40.7,0.0582,0.0549,0.2196,0.1829,3,74.2,16.09
AIRFLOW,AIRFLOW-SPR-027,27,198.7,43.3,38.5,0.1117,0.1071,0.2412,0.0081,5,68.3,21.93
AIRFLOW,AIRFLOW-SPR-028,28,172.6,44.9,40.5,0.0974,0.0603,0.2874,0.2498,3,68.1,21.65
AIRFLOW,AIRFLOW-SPR-029,29,197.8,41.2,30.3,0.2629,0.2959,0.1424,0.3079,0,87.2,32.1
AIRFLOW,AIRFLOW-SPR-030,30,120.8,34.0,20.8,0.3881,0.5174,0.499,0.2614,11,33.1,65.05
AIRFLOW,AIRFLOW-SPR-031,31,147.0,40.6,36.4,0.1032,0.1551,0.3562,0.0685,7,53.9,29.17
AIRFLOW,AIRFLOW-SPR-032,32,148.6,37.4,28.4,0.241,0.3406,0.4836,0.0645,5,46.5,49.85
AIRFLOW,AIRFLOW-SPR-033,33,131.6,45.0,32.0,0.2884,0.2563,0.3569,0.192,6,55.9,42.52
AIRFLOW,AIRFLOW-SPR-034,34,173.1,56.0,36.4,0.35,0.1551,0.2817,0.301,4,66.6,37.79
AIRFLOW,AIRFLOW-SPR-035,35,125.6,48.2,39.0,0.1896,0.0939,0.1731,0.185,8,68.4,21.89
AIRFLOW,AIRFLOW-SPR-036,36,179.0,55.3,52.8,0.0458,0.2248,0.1811,0.046,3,77.7,20.34
AIRFLOW,AIRFLOW-SPR-037,37,151.8,50.2,41.8,0.1672,0.0287,0.2294,0.1102,4,71.4,20.98
AIRFLOW,AIRFLOW-SPR-038,38,132.7,52.0,45.0,0.1344,0.0449,0.393,0.1763,4,56.6,28.17
AIRFLOW,AIRFLOW-SPR-039,39,166.9,40.6,30.1,0.2592,0.301,0.3047,0.201,9,54.6,40.23
AIRFLOW,AIRFLOW-SPR-040,40,161.5,47.7,42.3,0.1136,0.0189,0.2227,0.183,4,72.0,17.57
AIRFLOW,AIRFLOW-SPR-041,41,173.1,54.8,34.1,0.3782,0.2093,0.2651,0.3479,8,60.1,40.54
AIRFLOW,AIRFLOW-SPR-042,42,140.2,44.5,39.3,0.1169,0.0876,0.3092,0.0357,11,50.2,24.81
AIRFLOW,AIRFLOW-SPR-043,43,138.0,45.5,40.2,0.1161,0.0666,0.1909,0.2632,6,70.8,18.01
AIRFLOW,AIRFLOW-SPR-044,44,180.1,48.4,46.1,0.0472,0.071,0.21,0.072,0,81.1,15.7
AIRFLOW,AIRFLOW-SPR-045,45,141.3,42.7,36.7,0.1404,0.1483,0.3499,0.0896,6,56.5,30.45
