link_id,source_artifact_id,source_type,target_artifact_id,target_type,relation_type,ground_truth_weight
LINK-0001,REQ-1,REQUIREMENT,est_client.c,CODE_MODULE,IMPLEMENTED_BY,1.0
LINK-0002,REQ-1,REQUIREMENT,test_client.c,TEST_CASE,TESTED_BY,0.9
LINK-0003,REQ-2,REQUIREMENT,est_server.c,CODE_MODULE,IMPLEMENTED_BY,1.0
LINK-0004,REQ-2,REQUIREMENT,test_server.c,TEST_CASE,TESTED_BY,0.9
LINK-0005,REQ-3,REQUIREMENT,est_proxy.c,CODE_MODULE,IMPLEMENTED_BY,1.0
LINK-0006,REQ-3,REQUIREMENT,test_proxy.c,TEST_CASE,TESTED_BY,0.9
LINK-0007,est_proxy.c,CODE_MODULE,est_client_http.c,CODE_MODULE,DEPENDS_ON,0.75
LINK-0008,REQ-4,REQUIREMENT,est_ossl_util.c,CODE_MODULE,IMPLEMENTED_BY,1.0
LINK-0009,REQ-4,REQUIREMENT,test_util.c,TEST_CASE,TESTED_BY,0.9
LINK-0010,REQ-5,REQUIREMENT,est_client_http.c,CODE_MODULE,IMPLEMENTED_BY,1.0
LINK-0011,REQ-5,REQUIREMENT,test_est.c,TEST_CASE,TESTED_BY,0.9
LINK-0012,REQ-6,REQUIREMENT,est_server_http.c,CODE_MODULE,IMPLEMENTED_BY,1.0
LINK-0013,REQ-6,REQUIREMENT,test_client.c,TEST_CASE,TESTED_BY,0.9
LINK-0014,est_server_http.c,CODE_MODULE,est.c,CODE_MODULE,DEPENDS_ON,0.75
LINK-0015,REQ-7,REQUIREMENT,est_locallog.c,CODE_MODULE,IMPLEMENTED_BY,1.0
LINK-0016,REQ-7,REQUIREMENT,test_server.c,TEST_CASE,TESTED_BY,0.9
LINK-0017,REQ-8,REQUIREMENT,est.c,CODE_MODULE,IMPLEMENTED_BY,1.0
LINK-0018,REQ-8,REQUIREMENT,test_proxy.c,TEST_CASE,TESTED_BY,0.9
LINK-0019,REQ-9,REQUIREMENT,est_client.c,CODE_MODULE,IMPLEMENTED_BY,1.0
LINK-0020,REQ-9,REQUIREMENT,test_util.c,TEST_CASE,TESTED_BY,0.9
LINK-0021,est_client.c,CODE_MODULE,est_proxy.c,CODE_MODULE,DEPENDS_ON,0.75
LINK-0022,REQ-10,REQUIREMENT,est_server.c,CODE_MODULE,IMPLEMENTED_BY,1.0
LINK-0023,REQ-10,REQUIREMENT,test_est.c,TEST_CASE,TESTED_BY,0.9
LINK-0024,REQ-11,REQUIREMENT,est_proxy.c,CODE_MODULE,IMPLEMENTED_BY,1.0
LINK-0025,REQ-11,REQUIREMENT,test_client.c,TEST_CASE,TESTED_BY,0.9
LINK-0026,REQ-12,REQUIREMENT,est_ossl_util.c,CODE_MODULE,IMPLEMENTED_BY,1.0
LINK-0027,REQ-12,REQUIREMENT,test_server.c,TEST_CASE,TESTED_BY,0.9
LINK-0028,est_ossl_util.c,CODE_MODULE,est_server_http.c,CODE_MODULE,DEPENDS_ON,0.75
LINK-0029,REQ-13,REQUIREMENT,est_client_http.c,CODE_MODULE,IMPLEMENTED_BY,1.0
LINK-0030,REQ-13,REQUIREMENT,test_proxy.c,TEST_CASE,TESTED_BY,0.9
LINK-0031,REQ-14,REQUIREMENT,est_server_http.c,CODE_MODULE,IMPLEMENTED_BY,1.0
LINK-0032,REQ-14,REQUIREMENT,test_util.c,TEST_CASE,TESTED_BY,0.9
LINK-0033,REQ-15,REQUIREMENT,est_locallog.c,CODE_MODULE,IMPLEMENTED_BY,1.0
LINK-0034,REQ-15,REQUIREMENT,test_est.c,TEST_CASE,TESTED_BY,0.9
LINK-0035,est_locallog.c,CODE_MODULE,est_client.c,CODE_MODULE,DEPENDS_ON,0.75
LINK-0036,REQ-16,REQUIREMENT,est.c,CODE_MODULE,IMPLEMENTED_BY,1.0
LINK-0037,REQ-16,REQUIREMENT,test_client.c,TEST_CASE,TESTED_BY,0.9
LINK-0038,REQ-17,REQUIREMENT,est_client.c,CODE_MODULE,IMPLEMENTED_BY,1.0
LINK-0039,REQ-17,REQUIREMENT,test_server.c,TEST_CASE,TESTED_BY,0.9
LINK-0040,REQ-18,REQUIREMENT,est_server.c,CODE_MODULE,IMPLEMENTED_BY,1.0
LINK-0041,REQ-18,REQUIREMENT,test_proxy.c,TEST_CASE,TESTED_BY,0.9
LINK-0042,est_server.c,CODE_MODULE,est_ossl_util.c,CODE_MODULE,DEPENDS_ON,0.75
LINK-0043,REQ-19,REQUIREMENT,est_proxy.c,CODE_MODULE,IMPLEMENTED_BY,1.0
LINK-0044,REQ-19,REQUIREMENT,test_util.c,TEST_CASE,TESTED_BY,0.9
LINK-0045,REQ-20,REQUIREMENT,est_ossl_util.c,CODE_MODULE,IMPLEMENTED_BY,1.0
LINK-0046,REQ-20,REQUIREMENT,test_est.c,TEST_CASE,TESTED_BY,0.9
LINK-0047,REQ-21,REQUIREMENT,est_client_http.c,CODE_MODULE,IMPLEMENTED_BY,1.0
LINK-0048,REQ-21,REQUIREMENT,test_client.c,TEST_CASE,TESTED_BY,0.9
LINK-0049,est_client_http.c,CODE_MODULE,est_locallog.c,CODE_MODULE,DEPENDS_ON,0.75
LINK-0050,REQ-22,REQUIREMENT,est_server_http.c,CODE_MODULE,IMPLEMENTED_BY,1.0
LINK-0051,REQ-22,REQUIREMENT,test_server.c,TEST_CASE,TESTED_BY,0.9
LINK-0052,REQ-23,REQUIREMENT,est_locallog.c,CODE_MODULE,IMPLEMENTED_BY,1.0
LINK-0053,REQ-23,REQUIREMENT,test_proxy.c,TEST_CASE,TESTED_BY,0.9
LINK-0054,REQ-24,REQUIREMENT,est.c,CODE_MODULE,IMPLEMENTED_BY,1.0
LINK-0055,REQ-24,REQUIREMENT,test_util.c,TEST_CASE,TESTED_BY,0.9
LINK-0056,est.c,CODE_MODULE,est_server.c,CODE_MODULE,DEPENDS_ON,0.75
LINK-0057,REQ-25,REQUIREMENT,est_client.c,CODE_MODULE,IMPLEMENTED_BY,1.0
LINK-0058,REQ-25,REQUIREMENT,test_est.c,TEST_CASE,TESTED_BY,0.9
LINK-0059,REQ-26,REQUIREMENT,est_server.c,CODE_MODULE,IMPLEMENTED_BY,1.0
LINK-0060,REQ-26,REQUIREMENT,test_client.c,TEST_CASE,TESTED_BY,0.9
LINK-0061,REQ-27,REQUIREMENT,est_proxy.c,CODE_MODULE,IMPLEMENTED_BY,1.0
LINK-0062,REQ-27,REQUIREMENT,test_server.c,TEST_CASE,TESTED_BY,0.9
LINK-0063,est_proxy.c,CODE_MODULE,est_client_http.c,CODE_MODULE,DEPENDS_ON,0.75
LINK-0064,REQ-28,REQUIREMENT,est_ossl_util.c,CODE_MODULE,IMPLEMENTED_BY,1.0
LINK-0065,REQ-28,REQUIREMENT,test_proxy.c,TEST_CASE,TESTED_BY,0.9
LINK-0066,REQ-29,REQUIREMENT,est_client_http.c,CODE_MODULE,IMPLEMENTED_BY,1.0
LINK-0067,REQ-29,REQUIREMENT,test_util.c,TEST_CASE,TESTED_BY,0.9
LINK-0068,REQ-30,REQUIREMENT,est_server_http.c,CODE_MODULE,IMPLEMENTED_BY,1.0
LINK-0069,REQ-30,REQUIREMENT,test_est.c,TEST_CASE,TESTED_BY,0.9
LINK-0070,est_server_http.c,CODE_MODULE,est.c,CODE_MODULE,DEPENDS_ON,0.75
LINK-0071,REQ-31,REQUIREMENT,est_locallog.c,CODE_MODULE,IMPLEMENTED_BY,1.0
LINK-0072,REQ-31,REQUIREMENT,test_client.c,TEST_CASE,TESTED_BY,0.9
LINK-0073,REQ-32,REQUIREMENT,est.c,CODE_MODULE,IMPLEMENTED_BY,1.0
LINK-0074,REQ-32,REQUIREMENT,test_server.c,TEST_CASE,TESTED_BY,0.9
LINK-0075,REQ-33,REQUIREMENT,est_client.c,CODE_MODULE,IMPLEMENTED_BY,1.0
LINK-0076,REQ-33,REQUIREMENT,test_proxy.c,TEST_CASE,TESTED_BY,0.9
LINK-0077,est_client.c,CODE_MODULE,est_proxy.c,CODE_MODULE,DEPENDS_ON,0.75
LINK-0078,REQ-34,REQUIREMENT,est_server.c,CODE_MODULE,IMPLEMENTED_BY,1.0
LINK-0079,REQ-34,REQUIREMENT,test_util.c,TEST_CASE,TESTED_BY,0.9
LINK-0080,REQ-35,REQUIREMENT,est_proxy.c,CODE_MODULE,IMPLEMENTED_BY,1.0
LINK-0081,REQ-35,REQUIREMENT,test_est.c,TEST_CASE,TESTED_BY,0.9
LINK-0082,REQ-36,REQUIREMENT,est_ossl_util.c,CODE_MODULE,IMPLEMENTED_BY,1.0
LINK-0083,REQ-36,REQUIREMENT,test_client.c,TEST_CASE,TESTED_BY,0.9
LINK-0084,est_ossl_util.c,CODE_MODULE,est_server_http.c,CODE_MODULE,DEPENDS_ON,0.75
LINK-0085,REQ-37,REQUIREMENT,est_client_http.c,CODE_MODULE,IMPLEMENTED_BY,1.0
LINK-0086,REQ-37,REQUIREMENT,test_server.c,TEST_CASE,TESTED_BY,0.9
LINK-0087,REQ-38,REQUIREMENT,est_server_http.c,CODE_MODULE,IMPLEMENTED_BY,1.0
LINK-0088,REQ-38,REQUIREMENT,test_proxy.c,TEST_CASE,TESTED_BY,0.9
LINK-0089,REQ-39,REQUIREMENT,est_locallog.c,CODE_MODULE,IMPLEMENTED_BY,1.0
LINK-0090,REQ-39,REQUIREMENT,test_util.c,TEST_CASE,TESTED_BY,0.9
LINK-0091,est_locallog.c,CODE_MODULE,est_client.c,CODE_MODULE,DEPENDS_ON,0.75
LINK-0092,REQ-40,REQUIREMENT,est.c,CODE_MODULE,IMPLEMENTED_BY,1.0
LINK-0093,REQ-40,REQUIREMENT,test_est.c,TEST_CASE,TESTED_BY,0.9
LINK-0094,REQ-41,REQUIREMENT,est_client.c,CODE_MODULE,IMPLEMENTED_BY,1.0
LINK-0095,REQ-41,REQUIREMENT,test_client.c,TEST_CASE,TESTED_BY,0.9
LINK-0096,REQ-42,REQUIREMENT,est_server.c,CODE_MODULE,IMPLEMENTED_BY,1.0
LINK-0097,REQ-42,REQUIREMENT,test_server.c,TEST_CASE,TESTED_BY,0.9
LINK-0098,est_server.c,CODE_MODULE,est_ossl_util.c,CODE_MODULE,DEPENDS_ON,0.75
LINK-0099,REQ-43,REQUIREMENT,est_proxy.c,CODE_MODULE,IMPLEMENTED_BY,1.0
LINK-0100,REQ-43,REQUIREMENT,test_proxy.c,TEST_CASE,TESTED_BY,0.9
LINK-0101,REQ-44,REQUIREMENT,est_ossl_util.c,CODE_MODULE,IMPLEMENTED_BY,1.0
LINK-0102,REQ-44,REQUIREMENT,test_util.c,TEST_CASE,TESTED_BY,0.9
LINK-0103,REQ-45,REQUIREMENT,est_client_http.c,CODE_MODULE,IMPLEMENTED_BY,1.0
LINK-0104,REQ-45,REQUIREMENT,test_est.c,TEST_CASE,TESTED_BY,0.9
LINK-0105,est_client_http.c,CODE_MODULE,est_locallog.c,CODE_MODULE,DEPENDS_ON,0.75
LINK-0106,REQ-46,REQUIREMENT,est_server_http.c,CODE_MODULE,IMPLEMENTED_BY,1.0
LINK-0107,REQ-46,REQUIREMENT,test_client.c,TEST_CASE,TESTED_BY,0.9
LINK-0108,REQ-47,REQUIREMENT,est_locallog.c,CODE_MODULE,IMPLEMENTED_BY,1.0
LINK-0109,REQ-47,REQUIREMENT,test_server.c,TEST_CASE,TESTED_BY,0.9
LINK-0110,REQ-48,REQUIREMENT,est.c,CODE_MODULE,IMPLEMENTED_BY,1.0
LINK-0111,REQ-48,REQUIREMENT,test_proxy.c,TEST_CASE,TESTED_BY,0.9
LINK-0112,est.c,CODE_MODULE,est_server.c,CODE_MODULE,DEPENDS_ON,0.75
LINK-0113,REQ-49,REQUIREMENT,est_client.c,CODE_MODULE,IMPLEMENTED_BY,1.0
LINK-0114,REQ-49,REQUIREMENT,test_util.c,TEST_CASE,TESTED_BY,0.9
LINK-0115,REQ-50,REQUIREMENT,est_server.c,CODE_MODULE,IMPLEMENTED_BY,1.0
LINK-0116,REQ-50,REQUIREMENT,test_est.c,TEST_CASE,TESTED_BY,0.9
LINK-0117,REQ-51,REQUIREMENT,est_proxy.c,CODE_MODULE,IMPLEMENTED_BY,1.0
LINK-0118,REQ-51,REQUIREMENT,test_client.c,TEST_CASE,TESTED_BY,0.9
LINK-0119,est_proxy.c,CODE_MODULE,est_client_http.c,CODE_MODULE,DEPENDS_ON,0.75
LINK-0120,REQ-52,REQUIREMENT,est_ossl_util.c,CODE_MODULE,IMPLEMENTED_BY,1.0
LINK-0121,REQ-52,REQUIREMENT,test_server.c,TEST_CASE,TESTED_BY,0.9
LINK-0122,REQ-53,REQUIREMENT,est_client_http.c,CODE_MODULE,IMPLEMENTED_BY,1.0
LINK-0123,REQ-53,REQUIREMENT,test_proxy.c,TEST_CASE,TESTED_BY,0.9
LINK-0124,REQ-54,REQUIREMENT,est_server_http.c,CODE_MODULE,IMPLEMENTED_BY,1.0
LINK-0125,REQ-54,REQUIREMENT,test_util.c,TEST_CASE,TESTED_BY,0.9
LINK-0126,est_server_http.c,CODE_MODULE,est.c,CODE_MODULE,DEPENDS_ON,0.75
