requirement_id,project_domain,requirement_text,category,classification,ambiguity_detected,risk_level
REQ-001,E-Commerce,"The user shall be able to register an account using an email address and a password meeting minimum complexity rules.",Functional,Account Management,False,Low
REQ-002,Healthcare,"All patient Protected Health Information (PHI) must be encrypted in transit using TLS 1.3 and at rest using AES-256.",Security (NFR),Compliance & Encryption,False,Low
REQ-003,FinTech,"The checkout payment gateway shall process credit card transactions via Stripe within 500 milliseconds under normal load.",Performance (NFR),Latency SLA,False,Low
REQ-004,IoT Telemetry,"The system must be very fast and handle high sensor traffic without any issues.",Performance (NFR),Throughput,True,High
REQ-005,E-Commerce,"The catalog search service shall support full-text search with autocomplete and filter faceting.",Functional,Search & Discovery,False,Low
REQ-006,Enterprise ERP,"The user interface shall be user-friendly, modern, and extremely easy to learn.",Usability (NFR),UX Experience,True,Medium
REQ-007,Healthcare,"The system shall log all record access attempts into an immutable audit trail with timestamp, user ID, and IP address.",Security (NFR),Audit Logging,False,Low
REQ-008,Streaming Platform,"The media streaming worker shall horizontally autoscale when cluster CPU utilization exceeds 75% for 3 consecutive minutes.",Scalability (NFR),Elastic Infrastructure,False,Low
REQ-009,Banking Platform,"The transfer service shall enforce idempotency using unique transaction keys to prevent duplicate debit operations.",Functional,Transaction Integrity,False,Low
REQ-010,SaaS Cloud,"The platform shall provide 99.99% high availability with automated multi-zone failover under 30 seconds.",Fault Tolerance (NFR),Availability SLA,False,Low
REQ-011,Logistics,"The driver mobile application shall cache delivery routes locally to support offline operation in low-connectivity areas.",Fault Tolerance (NFR),Offline Resilience,False,Low
REQ-012,FinTech,"Authentication tokens shall expire after 15 minutes of inactivity and require biometric or refresh token re-authentication.",Security (NFR),Session Management,False,Low
REQ-013,Social Network,"The newsfeed algorithm should give good recommendations and make users happy.",Functional,Recommendation Engine,True,High
REQ-014,Enterprise ERP,"Financial export reports shall be generated in PDF, CSV, and XLSX formats within 5 seconds for datasets under 50,000 rows.",Performance (NFR),Reporting & Export,False,Low
REQ-015,Healthcare EHR,"The system shall integrate with external HL7/FHIR hospital protocols via secure mTLS REST endpoints.",Functional,Interoperability,False,Low
REQ-016,E-Commerce,"The shopping cart shall persist uncompleted checkout sessions for up to 30 days across browser restarts.",Functional,Cart State Management,False,Low
REQ-017,IoT Telemetry,"The ingestion broker shall accept up to 50,000 concurrent MQTT connections with less than 2% packet drop rate.",Scalability (NFR),Concurrent Ingestion,False,Low
REQ-018,DevOps CI/CD,"The build pipeline must be robust and never fail during production deployment.",Fault Tolerance (NFR),CI/CD Reliability,True,High
REQ-019,FinTech,"All database mutations affecting customer account balances shall be wrapped in ACID-compliant serializable transactions.",Functional,Data Consistency,False,Low
REQ-020,SaaS Cloud,"The web application shall conform to WCAG 2.1 Level AA accessibility standards across all public customer portals.",Usability (NFR),Accessibility,False,Low
