project_id,timestamp,bug_trend,sprint_velocity,technical_debt,code_quality_index,lines_of_code,cyclomatic_complexity,failure_probability_percent,risk_level,risk_score
PRJ-001,2026-08-15T09:00:00Z,increasing,22,high,62,45000,18,82.8,Critical,90
PRJ-002,2026-08-16T10:30:00Z,increasing,28,high,68,38000,14,73.6,High,80
PRJ-003,2026-08-17T11:15:00Z,stable,35,medium,74,28000,9,59.8,Moderate,65
PRJ-004,2026-08-18T14:00:00Z,decreasing,42,medium,82,21000,7,41.4,Moderate,45
PRJ-005,2026-08-19T15:45:00Z,decreasing,48,low,88,18000,4,32.2,Low,35
PRJ-006,2026-08-20T08:30:00Z,decreasing,52,low,94,15000,3,23.0,Low,25
PRJ-007,2026-08-21T09:20:00Z,increasing,18,high,55,58000,22,87.4,Critical,95
PRJ-008,2026-08-22T10:00:00Z,stable,40,low,85,25000,6,36.8,Low,40
PRJ-009,2026-08-23T11:30:00Z,increasing,32,medium,71,32000,11,64.4,High,70
PRJ-010,2026-08-24T13:10:00Z,decreasing,45,low,90,19000,5,27.6,Low,30
PRJ-011,2026-08-25T14:50:00Z,stable,30,medium,76,34000,10,55.2,Moderate,60
PRJ-012,2026-08-26T16:00:00Z,decreasing,46,low,92,16000,4,25.8,Low,28
PRJ-013,2026-08-27T09:15:00Z,increasing,20,high,58,61000,20,84.6,Critical,92
PRJ-014,2026-08-28T10:45:00Z,stable,44,low,86,22000,5,34.0,Low,37
PRJ-015,2026-08-29T12:00:00Z,decreasing,50,low,95,14000,3,18.4,Low,20
