sprint_id,team_id,sprint_number,planned_story_points,completed_story_points,velocity_throughput,spillover_points,team_capacity_hours,defect_count,velocity_health
SPR-101,TEAM-ALPHA,1,45,42,42,3,320,4,Healthy
SPR-102,TEAM-ALPHA,2,48,46,46,2,320,2,Healthy
SPR-103,TEAM-ALPHA,3,50,44,44,6,320,5,Healthy
SPR-104,TEAM-ALPHA,4,52,38,38,14,300,9,Moderate (Spillover Spike)
SPR-105,TEAM-ALPHA,5,40,40,40,0,320,3,Healthy
SPR-106,TEAM-ALPHA,6,45,43,43,2,320,1,Healthy
SPR-201,TEAM-BETA,1,35,32,32,3,240,6,Healthy
SPR-202,TEAM-BETA,2,40,28,28,12,240,11,Warning (Velocity Drop)
SPR-203,TEAM-BETA,3,30,22,22,8,220,14,Critical (Defect Overload)
SPR-204,TEAM-BETA,4,25,25,25,0,240,4,Stabilizing
SPR-205,TEAM-BETA,5,32,30,30,2,240,2,Healthy
SPR-301,TEAM-GAMMA,1,60,58,58,2,400,3,High Velocity
SPR-302,TEAM-GAMMA,2,65,62,62,3,400,2,High Velocity
SPR-303,TEAM-GAMMA,3,70,66,66,4,400,5,High Velocity
SPR-304,TEAM-GAMMA,4,72,55,55,17,380,12,Moderate (Capacity Bottleneck)
SPR-305,TEAM-GAMMA,5,60,61,61,0,400,3,Healthy
